nonhsat090275.2,glioma
nonhsat130416.2,atherosclerosis
nonhsat130416.2,cancer
nonhsat130416.2,periodontitis
nonhsat130416.2,prostat
nonhsat138911.2,fragile x syndrome
nonhsat034253.2,human spinocerebellar ataxia type 8
nonhsat034253.2,spinocerebellar ataxia type 8
nonhsat024403.2,alzheimer's disease
nonhsat024403.2,inclusion body myositis
nonhsat131776.2,melanoma
nonhsat131776.2,non-small cell lung cancer
nonhsat140597.2,breast cancer
nonhsat070566.2,aging
nonhsat070566.2,alzheimer's disease
nonhsat070566.2,breast cancer
nonhsat070566.2,cervical cancer
nonhsat070566.2,lung cancer
nonhsat070566.2,oesophagus cancer
nonhsat070566.2,ovarian cancer
nonhsat070566.2,parotid cancer
nonhsat070566.2,tongue cancer
nonhsat018496.2,depression
nonhsat018496.2,huntington's disease
nonhsat018496.2,psychiatric disease
nonhsat018496.2,schizophrenia
nonhsat018496.2,obesity
nonhsat077946.2,cancer
nonhsat077946.2,testicular cancer
nonhsat092348.2,blepharophimosis syndrome
nonhsat016554.2,endometrial cancer
nonhsat081949.2,carcinoma
nonhsat081949.2,prostat
nonhsat129116.2,glioma
nonhsat130416.2,abdominal aortic aneurysm
nonhsat130416.2,acute lymphoblastic leukemia
nonhsat130416.2,alzheimer's disease
nonhsat130416.2,aortic aneurysm
nonhsat130416.2,basal cell carcinoma
nonhsat130416.2,breast cancer
nonhsat130416.2,cardiovascular disease
nonhsat130416.2,coronary artery disease
nonhsat130416.2,coronary disease
nonhsat130416.2,coronary heart disease
nonhsat130416.2,diabetes
nonhsat130416.2,endometriosis
nonhsat130416.2,esophageal squamous cell cancer
nonhsat130416.2,familial and sporadic intracranial aneurysms
nonhsat130416.2,frailty
nonhsat130416.2,gastric cancer
nonhsat130416.2,glaucoma
nonhsat130416.2,glioma
nonhsat130416.2,hereditary cutaneous malignant melanoma
nonhsat130416.2,intracranial aneurism
nonhsat130416.2,ischemic stroke
nonhsat130416.2,leukemia
nonhsat130416.2,melanoma
nonhsat130416.2,myocardial infarction
nonhsat130416.2,nasopharyngeal carcinoma
nonhsat130416.2,neural system tumors syndrome
nonhsat130416.2,neurofibromatosis type 1
nonhsat130416.2,peripheral artery disease
nonhsat130416.2,plexiform neurofibroma
nonhsat130416.2,stroke
nonhsat130416.2,tumor
nonhsat130416.2,type 2 diabetes
nonhsat130416.2,neuroblastoma
nonhsat083203.2,cat eye syndrome
nonhsat087559.2,adolescent idiopathic scoliosis
nonhsat035043.2,bipolar disorder
nonhsat035043.2,panic disorder
nonhsat035043.2,schizophrenia
nonhsat083310.2,digeorge syndrome
nonhsat083310.2,huntington's disease
nonhsat083310.2,velocardiofacial syndrome
nonhsat010193.2,affective disorders
nonhsat010193.2,autism spectrum disorder
nonhsat010193.2,bipolar disorder
nonhsat010193.2,depression
nonhsat010193.2,major depression
nonhsat010193.2,schizophrenia
nonhsat033858.2,chronic lymphocytic leukemia
nonhsat033796.2,chronic lymphocytic leukemia
nonhsat033796.2,lymphocytic leukemia
nonhsat033796.2,lymphoma
nonhsat033796.2,myeloma
nonhsat122127.2,split hand/split foot malformation disorder
nonhsat007597.2,ovarian cancer
nonhsat082224.2,adolescent idiopathic scoliosis
nonhsat082224.2,breast cancer
nonhsat103215.2,cancer
nonhsat090017.2,embryonal carcinoma
nonhsat090017.2,intracranial aneurism
nonhsat101331.2,ventricular septal defects
nonhsat138911.2,fragile x-associated tremor and ataxia syndrome
nonhsat007671.2,autoimmune disease
nonhsat007671.2,b-cell neoplasms
nonhsat007671.2,breast cancer
nonhsat007671.2,cancer
nonhsat007671.2,kidney cancer
nonhsat007671.2,lymphoma
nonhsat007671.2,melanoma
nonhsat007671.2,prostat
nonhsat007671.2,tumor
nonhsat101073.2,alzheimer's disease
nonhsat101073.2,pseudohypoparathyroidism type ib
nonhsat017462.2,adrenocortical carcinomas
nonhsat017462.2,atherosclerosis
nonhsat017462.2,beckwith-wiedemann syndrome
nonhsat017462.2,biparental complete hydatidiform moles
nonhsat017462.2,bladder cancer
nonhsat017462.2,breast cancer
nonhsat017462.2,cancer
nonhsat017462.2,cervical cancer
nonhsat017462.2,choricarcinoma
nonhsat017462.2,chronic myeloproliferative disorders
nonhsat017462.2,colon cancer
nonhsat017462.2,congenital hyperinsulinism
nonhsat017462.2,esophageal squamous cell cancer
nonhsat017462.2,gastric cancer
nonhsat017462.2,germ cell tumor
nonhsat017462.2,gestational choriocarcinoma
nonhsat017462.2,gestational trophoblastic diseases
nonhsat017462.2,glioblastoma
nonhsat017462.2,glioma
nonhsat017462.2,growth restriction
nonhsat017462.2,hematopoiesis
nonhsat017462.2,hepatocelluar carcinoma
nonhsat017462.2,hyperhomocysteinemia
nonhsat017462.2,infertility
nonhsat017462.2,kidney cancer
nonhsat017462.2,liver cancer
nonhsat017462.2,lung cancer
nonhsat017462.2,marek's disease
nonhsat017462.2,medulloblastoma
nonhsat017462.2,melanoma
nonhsat017462.2,meningioma
nonhsat017462.2,mullerian aplasia
nonhsat017462.2,myeloproliferative polycythaemia vera
nonhsat017462.2,neural tube defects
nonhsat017462.2,neuroblastoma
nonhsat017462.2,obesity
nonhsat017462.2,ovarian cancer
nonhsat017462.2,pheochromocytoma
nonhsat017462.2,pituitary adenoma
nonhsat017462.2,prader-willi syndrome
nonhsat017462.2,pre-eclampsia
nonhsat017462.2,prostat
nonhsat017462.2,silver-russell syndrome
nonhsat017462.2,trophoblastic tumor
nonhsat017462.2,tumor
nonhsat017462.2,wiedemann-beckwith syndrome
nonhsat017462.2,wilms' tumor
nonhsat080830.2,alzheimer's disease
nonhsat080830.2,huntington's disease
nonhsat080830.2,schizophrenia
nonhsat080827.2,alzheimer's disease
nonhsat080827.2,huntington's disease
nonhsat080827.2,schizophrenia
nonhsat108774.2,aids
nonhsat105828.2,hepatocelluar carcinoma
nonhsat203709.1,hepatocelluar carcinoma
nonhsat037281.2,kidney cancer
nonhsat009623.2,aids
nonhsat009623.2,liver injury
nonhsat009623.2,multiple sclerosis
nonhsat009623.2,psoriasis
nonhsat031257.2,adenocarcinoma
nonhsat028514.2,b-cell neoplasms
nonhsat028514.2,breast cancer
nonhsat028514.2,cancer
nonhsat028514.2,cervical cancer
nonhsat028514.2,colon cancer
nonhsat028514.2,colorectal cancer
nonhsat028514.2,endometrial cancer
nonhsat028514.2,epithelial ovarian cancer
nonhsat028514.2,esophageal squamous cell cancer
nonhsat028514.2,gastric cancer
nonhsat028514.2,gastrointestinal cancer
nonhsat028514.2,hepatocelluar carcinoma
nonhsat028514.2,laryngeal squamous cell carcinoma
nonhsat028514.2,liver cancer
nonhsat028514.2,lung adenocarcinoma
nonhsat028514.2,lung cancer
nonhsat028514.2,nasopharyngeal carcinoma
nonhsat028514.2,non-small cell lung cancer
nonhsat028514.2,oesophageal squamous cell carcinoma
nonhsat028514.2,oral squamous cell carcinoma
nonhsat028514.2,pancreas cancer
nonhsat028514.2,rheumatoid arthritis
nonhsat028514.2,small cell lung cancer
nonhsat028514.2,tumor
nonhsat119718.2,hepatocelluar carcinoma
nonhsat107641.2,hepatic colorectal metastasis
nonhsat107641.2,hepatocelluar carcinoma
nonhsat107641.2,liver cancer
nonhsat115368.2,transient neonatal diabetes mellitus
nonhsat029281.2,multiple sclerosis
nonhsat017487.2,hepatocelluar carcinoma
nonhsat017487.2,prostat
nonhsat017487.2,type 1 diabetes
nonhsat017487.2,wilms' tumor
nonhsat017531.2,aging
nonhsat017531.2,wilms' tumor
nonhsat017526.2,beckwith-wiedemann syndrome
nonhsat017526.2,colorectal cancer
nonhsat017526.2,hepatocelluar carcinoma
nonhsat017526.2,kidney cancer
nonhsat130612.2,melanoma
nonhsat130612.2,narcolepsy
nonhsat115090.2,schizophrenia
nonhsat115090.2,type 2 diabetes
nonhsat068984.2,intellectual and developmental disability
nonhsat087716.2,nasopharyngeal carcinoma
nonhsat135076.2,prostat
nonhsat099793.2,parkinson's disease
nonhsat113098.2,duchenne muscular dystrophy
nonhsat001133.2,nasopharyngeal carcinoma
nonhsat091314.2,osteosarcoma
nonhsat091310.2,osteosarcoma
nonhsat022126.2,b-cell neoplasms
nonhsat022126.2,bladder cancer
nonhsat022126.2,breast cancer
nonhsat022126.2,cancer
nonhsat022126.2,cervical cancer
nonhsat022126.2,colon cancer
nonhsat022126.2,colorectal cancer
nonhsat022126.2,decreased myogenesis
nonhsat022126.2,diabetes
nonhsat022126.2,endometrial cancer
nonhsat022126.2,gallbladder cancer
nonhsat022126.2,hepatocelluar carcinoma
nonhsat022126.2,kidney cancer
nonhsat022126.2,laryngeal squamous cell carcinoma
nonhsat022126.2,liver cancer
nonhsat022126.2,lung adenocarcinoma
nonhsat022126.2,lung cancer
nonhsat022126.2,nasopharyngeal carcinoma
nonhsat022126.2,neuroblastoma
nonhsat022126.2,non-small cell lung cancer
nonhsat022126.2,osteosarcoma
nonhsat022126.2,pancreas cancer
nonhsat022126.2,prostat
nonhsat022126.2,small cell lung cancer
nonhsat022126.2,tdp-43-associated pathological states
nonhsat022126.2,tumor
nonhsat022126.2,uterus cancer
nonhsat039742.2,acute myeloid leukemia
nonhsat039742.2,bladder cancer
nonhsat039742.2,breast cancer
nonhsat039742.2,cancer
nonhsat039742.2,chronic myeloid leukemia
nonhsat039742.2,colon cancer
nonhsat039742.2,gastric cancer
nonhsat039742.2,glioma
nonhsat039742.2,hepatocelluar carcinoma
nonhsat039742.2,heroin abuse
nonhsat039742.2,huntington's disease
nonhsat039742.2,kidney cancer
nonhsat039742.2,lung cancer
nonhsat039742.2,meningioma
nonhsat039742.2,myelodysplastic syndrome
nonhsat039742.2,neuroblastoma
nonhsat039742.2,nonfunctioning pituitary adenomas
nonhsat039742.2,pituitary adenoma
nonhsat039742.2,prostat
nonhsat039742.2,tumor
nonhsat039742.2,type 1 diabetes
nonhsat123347.2,silver-russell syndrome
nonhsat084512.2,cancer
nonhsat084512.2,drug abuse
nonhsat084512.2,heroin abuse
nonhsat084512.2,myocardial infarction
nonhsat084512.2,schizophrenia
nonhsat024777.2,myopia
nonhsat081500.2,chronic lymphocytic leukemia
nonhsat034667.2,cancer
nonhsat034667.2,lymphoma
nonhsat034667.2,syndromic developmental defect
nonhsat130389.2,breast cancer
nonhsat060647.2,hepatocelluar carcinoma
nonhsat069301.2,neuroblastoma
nonhsat000923.2,cardiovascular disease
nonhsat047148.2,colorectal cancer
nonhsat047148.2,hepatocelluar carcinoma
nonhsat047148.2,squamous-cell lung carcinomas
nonhsat134764.2,down's syndrome
nonhsat131964.2,prostat
nonhsat129015.2,cancer
nonhsat129015.2,prostat
nonhsat076153.2,prostat
nonhsat090483.2,type 2 diabetes
nonhsat001380.2,glucose metabolism disorder
nonhsat001380.2,parkinson's disease
nonhsat092350.2,blepharophimosis syndrome
nonhsat011776.2,psoriasis
nonhsat108734.2,psoriasis
nonhsat108734.2,papillary thyroid carcinoma
nonhsat036414.2,papillary thyroid carcinoma
nonhsat129049.2,breast cancer
nonhsat129049.2,burkitt's lymphomas
nonhsat129049.2,cancer
nonhsat129049.2,cleft lip
nonhsat129049.2,diabetic nephropathy
nonhsat129049.2,hodgkin's lymphoma
nonhsat129049.2,lymphoma
nonhsat129049.2,murine plasmacytomas
nonhsat129049.2,ovarian cancer
nonhsat129049.2,pancreas cancer
nonhsat129049.2,prostat
nonhsat129049.2,renal cancer
nonhsat129049.2,type 1 diabetes
nonhsat129049.2,type 2 diabetes
nonhsat030096.2,rhabdomyosarcoma
nonhsat075850.2,prostat
nonhsat079678.2,obesity
nonhsat056045.2,bladder cancer
nonhsat056045.2,colorectal cancer
nonhsat001955.2,alzheimer's disease
nonhsat104079.2,myelodysplastic syndrome
nonhsat113856.2,lymphoma
nonhsat093469.2,esophageal squamous cell cancer
nonhsat093469.2,alzheimer's disease
nonhsat093469.2,neurodevelopmental syndromes associated with the sox2 locus
nonhsat039473.2,leukemia
nonhsat039473.2,lymphoma
nonhsat112474.2,testicular cancer
nonhsat031707.2,kawasaki disease
nonhsat060692.2,squamous cell carcinoma
nonhsat114470.2,schizophrenia
nonhsat114486.2,schizophrenia
nonhsat084827.2,b-cell neoplasms
nonhsat084827.2,bladder cancer
nonhsat084827.2,huntington's disease
nonhsat084827.2,non-small cell lung cancer
nonhsat033504.2,cervical cancer
nonhsat061519.2,bladder cancer
nonhsat061519.2,oral squamous cell carcinoma
nonhsat061519.2,pancreaticobiliary maljunction
nonhsat061519.2,squamous carcinoma
nonhsat061519.2,tongue squamous cell carcinomas
nonhsat061519.2,tumor
nonhsat096160.2,parkinson's disease
nonhsat018662.2,acute myeloid leukemia
nonhsat018662.2,wilms' tumor
nonhsat137550.2,bladder cancer
nonhsat137550.2,breast cancer
nonhsat137550.2,cancer
nonhsat137550.2,female cancers
nonhsat137550.2,klinefelter's syndrome
nonhsat137550.2,testicular cancer
nonhsat009445.2,cancer
nonhsat129252.2,autoimmune disease
nonhsat080206.2,breast cancer
nonhsat080208.2,breast cancer
nonhsat080206.2,ductal carcinoma
nonhsat080208.2,ductal carcinoma
nonhsat113149.2,aids
nonhsat113149.2,cancer
nonhsat113149.2,cardiac hypertrophy
nonhsat113149.2,gastric cancer
nonhsat036719.2,aids
nonhsat036719.2,dermatomyositis
nonhsat036719.2,leishmaniasis
nonhsat036719.2,polymyositis
nonhsat065831.2,enterovirus 71 infection
nonhsat015482.2,lung adenocarcinoma
nonhsat090262.2,glioma
nonhsat115888.2,alcoholic liver disease
nonhsat115888.2,chronic nonalcoholic liver disease
nonhsat115888.2,hepatocellular carcinoma
nonhsat129210.2,papillary thyroid carcinoma
nonhsat130413.2,atherosclerosis
nonhsat130413.2,cancer
nonhsat130413.2,periodontitis
nonhsat130413.2,prostate cancer
nonhsat081942.2,enterovirus 71 infection
nonhsat034251.2,spinocerebellar ataxia
nonhsat140592.2,breast cancer
nonhsat070566.2,esophageal cancer
nonhsat018491.2,depression
nonhsat018491.2,huntington's disease
nonhsat018491.2,psychiatric disease
nonhsat018491.2,schizophrenia
nonhsat077943.2,cancer
nonhsat077943.2,testicular cancer
nonhsat016550.2,endometrial cancer
nonhsat081948.2,esophageal squamous cell carcinoma
nonhsat081948.2,prostate cancer
nonhsat147661.2,colorectal cancer
nonhsat147661.2,gastric cancer
nonhsat129114.2,glioma
nonhsat130413.2,abdominal aortic aneurysm
nonhsat130413.2,acute lymphoblastic leukemia
nonhsat130413.2,alzheimer's disease
nonhsat130413.2,aortic aneurysm
nonhsat130413.2,basal cell carcinoma
nonhsat130413.2,breast cancer
nonhsat130413.2,cardiovascular disease
nonhsat130413.2,coronary artery disease
nonhsat130413.2,coronary heart disease
nonhsat130413.2,diabetes mellitus
nonhsat130413.2,endometriosis
nonhsat130413.2,esophageal squamous cell carcinoma
nonhsat130413.2,intracranial aneurysm
nonhsat130413.2,frailty
nonhsat130413.2,gastric cancer
nonhsat130413.2,glaucoma
nonhsat130413.2,glioma
nonhsat130413.2,hereditary cutaneous malignant melanoma
nonhsat130413.2,ischemic stroke
nonhsat130413.2,leukemia
nonhsat130413.2,melanoma
nonhsat130413.2,myocardial infarction
nonhsat130413.2,nasopharyngeal carcinoma
nonhsat130413.2,neural system tumors syndrome
nonhsat130413.2,neurofibromatosis
nonhsat130413.2,peripheral artery disease
nonhsat130413.2,plexiform neurofibroma
nonhsat130413.2,stroke
nonhsat130413.2,type 2 diabetes mellitus
nonhsat087556.2,adolescent idiopathic scoliosis
nonhsat142608.2,colorectal cancer
nonhsat096369.2,bone diseases
nonhsat083315.2,digeorge syndrome
nonhsat083315.2,huntington's disease
nonhsat083315.2,velocardiofacial syndrome
nonhsat010191.2,affective disorder
nonhsat010191.2,autism spectrum disorder
nonhsat010191.2,bipolar disorder
nonhsat010191.2,depression
nonhsat010191.2,major depressive affective disorder
nonhsat010191.2,schizophrenia
nonhsat122125.2,split hand/split foot malformation disorder
nonhsat082220.2,adolescent idiopathic scoliosis
nonhsat082220.2,breast cancer
nonhsat139343.2,hereditary haemorrhagic telangiectasia
nonhsat186271.1,hereditary haemorrhagic telangiectasia
nonhsat109006.2,hereditary haemorrhagic telangiectasia
nonhsat082231.2,hereditary haemorrhagic telangiectasia
nonhsat080827.2,hereditary haemorrhagic telangiectasia
nonhsat203346.1,hereditary haemorrhagic telangiectasia
nonhsat097743.2,hereditary haemorrhagic telangiectasia
nonhsat120414.2,hereditary haemorrhagic telangiectasia
nonhsat184664.1,hereditary haemorrhagic telangiectasia
nonhsat033487.2,hereditary haemorrhagic telangiectasia
nonhsat127048.2,hereditary haemorrhagic telangiectasia
nonhsat202692.1,hereditary haemorrhagic telangiectasia
nonhsat200444.1,hereditary haemorrhagic telangiectasia
nonhsat196268.1,hereditary haemorrhagic telangiectasia
nonhsat160595.1,hereditary haemorrhagic telangiectasia
nonhsat026000.2,hereditary haemorrhagic telangiectasia
nonhsat041171.2,hereditary haemorrhagic telangiectasia
nonhsat057056.2,hereditary haemorrhagic telangiectasia
nonhsat103210.2,cancer
nonhsat127310.2,esophageal squamous cell carcinoma
nonhsat090016.2,embryonal carcinoma
nonhsat090016.2,intracranial aneurysm
nonhsat144204.2,heart failure
nonhsat007662.2,autoimmune disease
nonhsat007662.2,b-cell neoplasms
nonhsat007662.2,breast cancer
nonhsat007662.2,cancer
nonhsat007662.2,kidney cancer
nonhsat007662.2,lymphoma
nonhsat007662.2,melanoma
nonhsat007662.2,prostate cancer
nonhsat007662.2,systemic lupus erythematosus
nonhsat101071.2,alzheimer's disease
nonhsat080579.2,pseudohypoparathyroidism type ib
nonhsat017460.2,adrenocortical carcinoma
nonhsat017460.2,atherosclerosis
nonhsat017460.2,beckwith-wiedemann syndrome
nonhsat017460.2,hydatidiform mole
nonhsat017460.2,bladder cancer
nonhsat017460.2,breast cancer
nonhsat017460.2,cancer
nonhsat017460.2,cervical cancer
nonhsat017460.2,choriocarcinoma
nonhsat017460.2,chronic myeloproliferative disorders
nonhsat017460.2,colon cancer
nonhsat017460.2,congenital hyperinsulinism
nonhsat017460.2,esophageal squamous cell carcinoma
nonhsat017460.2,gastric cancer
nonhsat017460.2,germ cell tumor
nonhsat017460.2,gestational choriocarcinoma
nonhsat017460.2,gestational trophoblastic diseases
nonhsat017460.2,glioblastoma
nonhsat017460.2,glioma
nonhsat017460.2,growth restriction
nonhsat017460.2,malignant hematopoiesis
nonhsat017460.2,hepatocellular carcinoma
nonhsat017460.2,hyperhomocysteinemia
nonhsat017460.2,infertility
nonhsat017460.2,kidney cancer
nonhsat017460.2,liver cancer
nonhsat017460.2,lung cancer
nonhsat017460.2,marek's disease
nonhsat017460.2,medulloblastoma
nonhsat017460.2,melanoma
nonhsat017460.2,meningioma
nonhsat017460.2,mullerian aplasia
nonhsat017460.2,myeloproliferative polycythaemia vera
nonhsat017460.2,neural tube defects
nonhsat017460.2,neuroblastoma
nonhsat017460.2,obesity
nonhsat017460.2,ovarian cancer
nonhsat017460.2,pheochromocytoma
nonhsat017460.2,pituitary adenoma
nonhsat017460.2,prader-willi syndrome
nonhsat017460.2,pre-eclampsia
nonhsat017460.2,prostate cancer
nonhsat017460.2,silver-russell syndrome
nonhsat017460.2,trophoblastic tumor
nonhsat017460.2,wilms' tumor
nonhsat080828.2,alzheimer's disease
nonhsat080828.2,huntington's disease
nonhsat080828.2,schizophrenia
nonhsat108768.2,aids
nonhsat037272.2,kidney cancer
nonhsat037276.2,kidney cancer
nonhsat031258.2,adenocarcinoma
nonhsat031258.2,esophageal adenocarcinoma
nonhsat028507.2,b-cell neoplasms
nonhsat028507.2,breast cancer
nonhsat028507.2,cancer
nonhsat028507.2,cervical cancer
nonhsat028507.2,colon cancer
nonhsat028507.2,colorectal cancer
nonhsat028507.2,endometrial cancer
nonhsat028507.2,ovarian cancer
nonhsat028507.2,esophageal squamous cell carcinoma
nonhsat028507.2,gastric cancer
nonhsat028507.2,gastrointestinal cancer
nonhsat028507.2,hepatocellular carcinoma
nonhsat028507.2,laryngeal squamous cell carcinoma
nonhsat028507.2,liver cancer
nonhsat028507.2,lung adenocarcinoma
nonhsat028507.2,lung cancer
nonhsat028507.2,nasopharyngeal carcinoma
nonhsat028507.2,non-small cell lung cancer
nonhsat028507.2,oral squamous cell carcinoma
nonhsat028507.2,pancreatic cancer
nonhsat028507.2,rheumatoid arthritis
nonhsat028507.2,small cell lung cancer
nonhsat119716.2,hepatocellular carcinoma
nonhsat107640.2,hepatic colorectal metastasis
nonhsat107640.2,hepatocellular carcinoma
nonhsat107640.2,liver cancer
nonhsat029277.2,multiple sclerosis
nonhsat017485.2,hepatocellular carcinoma
nonhsat017485.2,prostate cancer
nonhsat017485.2,type 1 diabetes mellitus
nonhsat017485.2,wilms' tumor
nonhsat041063.2,prader-willi syndrome
nonhsat017523.2,beckwith-wiedemann syndrome
nonhsat017523.2,colorectal cancer
nonhsat017523.2,hepatocellular carcinoma
nonhsat017523.2,kidney cancer
nonhsat115084.2,schizophrenia
nonhsat115084.2,type 2 diabetes mellitus
nonhsat068977.2,intellectual and developmental disability
nonhsat135070.2,prostate cancer
nonhsat091313.2,osteosarcoma
nonhsat022132.2,b-cell neoplasms
nonhsat022132.2,bladder cancer
nonhsat022132.2,breast cancer
nonhsat022132.2,cancer
nonhsat022132.2,cervical cancer
nonhsat022132.2,colon cancer
nonhsat022132.2,colorectal cancer
nonhsat022132.2,decreased myogenesis
nonhsat022132.2,diabetes mellitus
nonhsat022132.2,endometrial cancer
nonhsat022132.2,gallbladder cancer
nonhsat022132.2,hepatocellular carcinoma
nonhsat022132.2,kidney cancer
nonhsat022132.2,laryngeal squamous cell carcinoma
nonhsat022132.2,liver cancer
nonhsat022132.2,lung adenocarcinoma
nonhsat022132.2,lung cancer
nonhsat022132.2,nasopharyngeal carcinoma
nonhsat022132.2,neuroblastoma
nonhsat022132.2,non-small cell lung cancer
nonhsat022132.2,osteosarcoma
nonhsat022132.2,pancreatic cancer
nonhsat022132.2,prostate cancer
nonhsat022132.2,small cell lung cancer
nonhsat022132.2,tdp-43-associated pathological states
nonhsat022132.2,uterus cancer
nonhsat039734.2,acute myeloid leukemia
nonhsat039734.2,bladder cancer
nonhsat039734.2,breast cancer
nonhsat039734.2,cancer
nonhsat039734.2,chronic myeloid leukemia
nonhsat039734.2,colon cancer
nonhsat039734.2,gastric cancer
nonhsat039734.2,glioma
nonhsat039734.2,hepatocellular carcinoma
nonhsat039734.2,drug abuse
nonhsat039734.2,huntington's disease
nonhsat039734.2,kidney cancer
nonhsat039734.2,lung cancer
nonhsat039734.2,meningioma
nonhsat039734.2,myelodysplastic syndrome
nonhsat039734.2,neuroblastoma
nonhsat039734.2,pituitary adenoma
nonhsat039734.2,prostate cancer
nonhsat039734.2,type 2 diabetes mellitus
nonhsat123349.2,silver-russell syndrome
nonhsat084508.2,cancer
nonhsat084508.2,drug abuse
nonhsat084508.2,myocardial infarction
nonhsat084508.2,schizophrenia
nonhsat034665.2,cancer
nonhsat034665.2,lymphoma
nonhsat034665.2,syndromic developmental defect
nonhsat060641.2,hepatocellular carcinoma
nonhsat056041.2,neuroblastoma
nonhsat022109.2,aids
nonhsat022109.2,amyotrophic lateral sclerosis
nonhsat022109.2,frontotemporal lobar degeneration
nonhsat022109.2,huntington's disease
nonhsat022109.2,intrauterine growth restriction
nonhsat022109.2,tdp-43-associated pathological states
nonhsat022109.2,oral squamous cell carcinoma
nonhsat000920.2,cardiovascular disease
nonhsat131963.2,prostate cancer
nonhsat129012.2,cancer
nonhsat129012.2,prostate cancer
nonhsat076153.2,prostate cancer
nonhsat090482.2,type 2 diabetes mellitus
nonhsat001380.2,diabetes mellitus
nonhsat108735.2,psoriasis
nonhsat036413.2,papillary thyroid carcinoma
nonhsat130775.2,cancer
nonhsat130775.2,prostate cancer
nonhsat129050.2,breast cancer
nonhsat129050.2,burkitt lymphoma
nonhsat129050.2,cancer
nonhsat129050.2,cleft lip
nonhsat129050.2,diabetic nephropathy
nonhsat129050.2,hodgkin's lymphoma
nonhsat129050.2,lymphoma
nonhsat129050.2,plasmacytoma
nonhsat129050.2,ovarian cancer
nonhsat129050.2,pancreatic cancer
nonhsat129050.2,prostate cancer
nonhsat129050.2,kidney cancer
nonhsat129050.2,type 2 diabetes mellitus
nonhsat030089.2,rhabdomyosarcoma
nonhsat080463.2,enterovirus 71 infection
nonhsat079672.2,obesity
nonhsat056041.2,bladder cancer
nonhsat056041.2,colorectal cancer
nonhsat001952.2,alzheimer's disease
nonhsat104072.2,myelodysplastic syndrome
nonhsat054526.2,lymphoma
nonhsat093465.2,esophageal squamous cell carcinoma
nonhsat093465.2,alzheimer's disease
nonhsat093465.2,neurodevelopmental syndrome
nonhsat039468.2,leukemia
nonhsat039468.2,lymphoma
nonhsat112463.2,testicular cancer
nonhsat093153.2,dyskeratosis congenita
nonhsat093153.2,prostate cancer
nonhsat114465.2,schizophrenia
nonhsat084824.2,b-cell neoplasms
nonhsat084824.2,bladder cancer
nonhsat084824.2,huntington's disease
nonhsat084824.2,non-small cell lung cancer
nonhsat040966.2,angelman syndrome
nonhsat040966.2,prader-willi syndrome
nonhsat061515.2,bladder cancer
nonhsat061515.2,oral squamous cell carcinoma
nonhsat061515.2,pancreaticobiliary maljunction
nonhsat061515.2,squamous cell carcinoma
nonhsat061515.2,tongue squamous cell carcinoma
nonhsat061515.2,cancer
nonhsat018659.2,acute myeloid leukemia
nonhsat018659.2,wilms' tumor
nonhsat137541.2,bladder cancer
nonhsat137541.2,breast cancer
nonhsat137541.2,cancer
nonhsat137541.2,klinefelter's syndrome
nonhsat137541.2,testicular cancer
nonhsat080205.2,breast cancer
nonhsat080205.2,ductal carcinoma
nonhsat129050.2,gastric cancer
nonhsat061515.2,gastric cancer
nonhsat022132.2,glioblastoma
nonhsat017460.2,coronary artery disease
nonhsat091313.2,gastric cancer
nonhsat037272.2,cardiovascular disease
nonhsat061515.2,hepatocellular carcinoma
nonhsat060692.2,gastric cancer
nonhsat134764.2,aids
nonhsat096369.2,postmenopausal osteoporosis
nonhsat022132.2,renal cell carcinoma
nonhsat022132.2,multiple myeloma
nonhsat022109.2,infertility
nonhsat003601.2,atherosclerosis
nonhsat059436.2,breast cancer
nonhsat091315.2,esophageal squamous cell carcinoma
nonhsat137541.2,membranous nephropathy
nonhsat028507.2,renal carcinoma
nonhsat061515.2,urinary bladder
nonhsat129050.2,hepatocellular carcinoma
nonhsat037272.2,acute myocardial infarction
nonhsat130413.2,acute myocardial infarction
nonhsat017523.2,acute myocardial infarction
nonhsat022132.2,acute myocardial infarction
nonhsat084508.2,acute myocardial infarction
nonhsat203249.1,h.pylori-related diseases
nonhsat209997.1,h.pylori-related diseases
nonhsat055670.2,lung adenocarcinoma
nonhsat129050.2,lung squamous cell carcinoma
nonhsat017460.2,diabetic cardiomyopathy
nonhsat119702.2,cervical cancer
nonhsat053813.2,cancer
nonhsat084824.2,breast cancer
nonhsat119664.2,leukemia
nonhsat017460.2,calcific aortic valve disease
nonhsat017460.2,colorectal cancer
nonhsat039734.2,cervical cancer
nonhsat053760.2,glioblastoma
nonhsat107640.2,gastric cancer
nonhsat107640.2,pancreatic cancer
nonhsat107640.2,osteosarcoma
nonhsat107640.2,colorectal cancer
nonhsat061515.2,breast cancer
nonhsat059436.2,gallbladder cancer
nonhsat119664.2,colorectal cancer
nonhsat022109.2,nasopharyngeal carcinoma
nonhsat007662.2,ovarian cancer
nonhsat003601.2,glioma
nonhsat039734.2,esophageal squamous cell carcinoma
nonhsat022132.2,gastric cancer
nonhsat022132.2,renal clear cell carcinoma
nonhsat022132.2,esophageal cancer
nonhsat142608.2,chronic lymphocytic leukemia
nonhsat069465.2,chronic lymphocytic leukemia
nonhsat137566.2,hepatocellular carcinoma
nonhsat137541.2,hepatocellular carcinoma
nonhsat074772.2,hepatocellular carcinoma
nonhsat061515.2,esophageal cancer
nonhsat135575.2,lung cancer
nonhsat039734.2,vulvar squamous cell carcinoma
nonhsat022132.2,vulvar squamous cell carcinoma
nonhsat129050.2,cervical cancer
nonhsat107640.2,cervical cancer
nonhsat142608.2,glioma
nonhsat022109.2,renal syndrome
nonhsat039734.2,stroke
nonhsat081601.2,osteosarcoma
nonhsat061515.2,pancreatic cancer
nonhsat108289.2,prostate cancer
nonhsat039734.2,thrombocytopenic purpura
nonhsat129114.2,pancreatic cancer
nonhsat022132.2,parkinson's disease
nonhsat039734.2,cholestatic liver injury
nonhsat130962.2,gastric cancer
nonhsat096369.2,prostate cancer
nonhsat091313.2,glioma
nonhsat147661.2,glioma
nonhsat061515.2,ovarian cancer
nonhsat039734.2,nasopharyngeal carcinoma
nonhsat033563.2,glioma
nonhsat084824.2,diabetes mellitus
nonhsat084824.2,chronic kidney disease
nonhsat032284.2,esophageal cancer
nonhsat017460.2,ulcerative colitis
nonhsat017460.2,pancreatic ductal adenocarcinoma
nonhsat119716.2,pancreatic cancer
nonhsat119716.2,gastric cancer
nonhsat119716.2,colorectal cancer
nonhsat028507.2,acute leukemia
nonhsat017460.2,malignant digestive cancer
nonhsat119716.2,glioma
nonhsat016940.2,hepatocellular carcinoma
nonhsat067437.2,gastric cancer
nonhsat084950.2,gastric cancer
nonhsat126052.2,gastric cancer
nonhsat125542.2,gastric cancer
nonhsat022132.2,uveal melanoma
nonhsat096369.2,breast cancer
nonhsat017460.2,gallbladder cancer
nonhsat142608.2,renal cell carcinoma
nonhsat004050.2,lung cancer
nonhsat022132.2,hemangioma
nonhsat129050.2,esophageal cancer
nonhsat059436.2,colorectal cancer
nonhsat022132.2,thyroid cancer
nonhsat084824.2,ovarian cancer
nonhsat058607.2,chronic lymphocytic leukemia
nonhsat058607.2,gastric cancer
nonhsat130413.2,osteosarcoma
nonhsat091315.2,colorectal cancer
nonhsat113493.2,ovarian cancer
nonhsat022109.2,endometrial cancer
nonhsat029775.2,pneumonia
nonhsat054390.2,pneumonia
nonhsat028507.2,osteosarcoma
nonhsat028507.2,gastrointestinal stromal tumor
nonhsat084824.2,osteosarcoma
nonhsat080205.2,gastric cancer
nonhsat119702.2,gastric cancer
nonhsat089447.2,schizophrenia
nonhsat041499.2,schizophrenia
nonhsat016550.2,gastric cancer
nonhsat031258.2,osteosarcoma
nonhsat142608.2,gallbladder cancer
nonhsat084824.2,colon cancer
nonhsat007662.2,non-small cell lung cancer
nonhsat061515.2,pancreatic ductal adenocarcinoma
nonhsat001461.2,pancreatic ductal adenocarcinoma
nonhsat017460.2,pneumoconiosis
nonhsat037026.2,breast cancer
nonhsat137541.2,gastric cancer
nonhsat028507.2,ischemic stroke
nonhsat022109.2,ovarian cancer
nonhsat059436.2,gastric cancer
nonhsat125827.2,breast cancer
nonhsat006498.2,colorectal cancer
nonhsat097743.2,colorectal cancer
nonhsat035060.2,colorectal cancer
nonhsat022132.2,retinal neurodegeneration
nonhsat060692.2,bladder cancer
nonhsat022132.2,tongue squamous cell carcinoma
nonhsat112463.2,esophageal squamous cell carcinoma
nonhsat144204.2,non-small cell lung cancer
nonhsat028530.2,atherosclerosis
nonhsat080205.2,hepatocellular carcinoma
nonhsat147661.2,lung adenocarcinoma
nonhsat022132.2,ovarian cancer
nonhsat022132.2,melanoma
nonhsat022109.2,glioma
nonhsat022109.2,breast cancer
nonhsat028507.2,large b-cell lymphoma
nonhsat028507.2,papillary thyroid carcinoma
nonhsat061515.2,endometrial cancer
nonhsat137541.2,b-cell acute lymphoblastic leukemia
nonhsat144855.2,ovarian cancer
nonhsat127048.2,hepatocellular carcinoma
nonhsat084508.2,chronic lymphocytic leukemia
nonhsat021824.2,neuroblastoma
nonhsat084824.2,atherosclerosis
nonhsat130413.2,thyroid cancer
nonhsat129050.2,diabetic kidney disease
nonhsat137541.2,non-small cell lung cancer
nonhsat053330.2,nasopharyngeal carcinoma
nonhsat039468.2,renal cell carcinoma
nonhsat139680.2,hepatocellular carcinoma
nonhsat013077.2,cervical cancer
nonhsat129050.2,asthma
nonhsat022109.2,systemic lupus erythematosus
nonhsat039734.2,endometrial cancer
nonhsat007662.2,gastric cancer
nonhsat137541.2,nasopharyngeal carcinoma
nonhsat080205.2,colorectal cancer
nonhsat017939.2,non-small cell lung cancer
nonhsat021692.2,lung adenocarcinoma
nonhsat140592.2,osteosarcoma
nonhsat008851.2,lung cancer
nonhsat022132.2,epithelial ovarian cancer
nonhsat022109.2,leukemia
nonhsat028507.2,glioma
nonhsat078992.2,gastric cancer
nonhsat007662.2,hypertension
nonhsat147661.2,endometrial cancer
nonhsat127310.2,esophageal cancer
nonhsat084824.2,colorectal cancer
nonhsat007662.2,colorectal cancer
nonhsat084508.2,alzheimer's disease
nonhsat061515.2,melanoma
nonhsat022109.2,bladder cancer
nonhsat142608.2,medulloblastoma
nonhsat079510.2,endometrial cancer
nonhsat030089.2,breast cancer
nonhsat129050.2,renal carcinoma
nonhsat084824.2,glioma
nonhsat126196.2,bladder cancer
nonhsat022132.2,pulmonary arterial hypertension
nonhsat084824.2,hepatoblastoma
nonhsat093465.2,colorectal cancer
nonhsat048149.2,hepatocellular carcinoma
nonhsat022109.2,non-small cell lung cancer
nonhsat119716.2,osteosarcoma
nonhsat119716.2,non-small cell lung cancer
nonhsat084824.2,glioblastoma
nonhsat029953.2,prostate cancer
nonhsat084824.2,oesophageal squamous cell carcinoma
nonhsat084824.2,hepatocellular carcinoma
nonhsat022132.2,amyotrophic lateral sclerosis
nonhsat096158.2,parkinson's disease
nonhsat115433.2,breast cancer
nonhsat039734.2,lung adenocarcinoma
nonhsat084508.2,lung adenocarcinoma
nonhsat000157.2,lung adenocarcinoma
nonhsat054180.2,parkinson's disease
nonhsat061515.2,osteosarcoma
nonhsat084824.2,esophageal squamous cell carcinoma
nonhsat084824.2,renal cell carcinoma
nonhsat130413.2,ischemic heart failure
nonhsat028507.2,ischemic heart failure
nonhsat091313.2,ischemic heart failure
nonhsat130413.2,colorectal cancer
nonhsat059436.2,nasopharyngeal carcinoma
nonhsat130413.2,non-small cell lung cancer
nonhsat072511.2,non-small cell lung cancer
nonhsat056992.2,glioblastoma
nonhsat061515.2,esophageal squamous cell carcinoma
nonhsat037276.2,glioblastoma
nonhsat084824.2,gastric cancer
nonhsat108668.2,glioma
nonhsat129028.2,lung cancer
nonhsat079510.2,gastric cancer
nonhsat016550.2,renal cell carcinoma
nonhsat068133.2,colorectal cancer
nonhsat147661.2,lung cancer
nonhsat120414.2,hepatocellular carcinoma
nonhsat102745.2,non-small cell lung cancer
nonhsat016550.2,colorectal cancer
nonhsat140592.2,colorectal cancer
nonhsat093465.2,retinal neurodegeneration
nonhsat032777.2,primary sjögren's syndrome
nonhsat073653.2,primary sjögren's syndrome
nonhsat103433.2,primary sjögren's syndrome
nonhsat017460.2,osteosarcoma
nonhsat061515.2,liver cancer
nonhsat108575.2,lung cancer
nonhsat039734.2,testicular germ cell tumor
nonhsat091313.2,non-small cell lung cancer
nonhsat119664.2,acute promyelocytic leukemia
nonhsat070566.2,esophageal squamous cell carcinoma
nonhsat116016.2,non-small cell lung cancer
nonhsat022132.2,glioma
nonhsat147661.2,hepatocellular carcinoma
nonhsat021824.2,hepatocellular carcinoma
nonhsat028507.2,diffuse large b-cell lymphoma
nonhsat084508.2,prostate cancer
nonhsat130413.2,ovarian cancer
nonhsat022109.2,gastric cancer
nonhsat017460.2,thyroid cancer
nonhsat031258.2,hepatocellular carcinoma
nonhsat010274.2,ovarian cancer
nonhsat050162.2,ovarian cancer
nonhsat102882.2,ovarian cancer
nonhsat059436.2,colon cancer
nonhsat137581.2,hepatocellular carcinoma
nonhsat054526.2,gastric cancer
nonhsat119716.2,prostate cancer
nonhsat028507.2,temporomandibular joint osteoarthritis
nonhsat119716.2,pancreatic ductal adenocarcinoma
nonhsat022132.2,pancreatic ductal adenocarcinoma
nonhsat061515.2,colorectal cancer
nonhsat107640.2,diffuse large b-cell lymphoma
nonhsat022132.2,proliferative vitreoretinopathy
nonhsat084508.2,diabetic retinopathy
nonhsat039734.2,retinoblastoma
nonhsat059436.2,unveal melanoma
nonhsat017460.2,nasopharyngeal carcinoma
nonhsat057124.2,gastric cancer
nonhsat083652.2,congenital heart defect
nonhsat017460.2,congenital heart defect
nonhsat129012.2,hepatocellular carcinoma
nonhsat094437.2,cervical cancer
nonhsat104436.2,esophageal squamous cell carcinoma
nonhsat022109.2,multiple sclerosis
nonhsat084824.2,multiple sclerosis
nonhsat113149.2,multiple sclerosis
nonhsat120195.2,oesophageal squamous cell carcinoma
nonhsat138621.2,choriocarcinoma
nonhsat138635.2,choriocarcinoma
nonhsat017460.2,parkinson's disease
nonhsat021824.2,parkinson's disease
nonhsat022109.2,parkinson's disease
nonhsat037276.2,bladder cancer
nonhsat022132.2,esophageal squamous cell carcinoma
nonhsat060692.2,colorectal cancer
nonhsat091313.2,hepatocellular carcinoma
nonhsat096369.2,osteosarcoma
nonhsat107640.2,atherosclerosis
nonhsat028507.2,parkinson's disease
nonhsat084824.2,prostate cancer
nonhsat104512.2,prostate cancer
nonhsat129050.2,diabetes mellitus
nonhsat028507.2,prostate cancer
nonhsat084508.2,dilated cardiomyopathy
nonhsat102951.2,lung adenocarcinoma
nonhsat061515.2,acute myocardial infarction
nonhsat130413.2,hypertension
nonhsat028507.2,glioblastoma
nonhsat061515.2,renal cell carcinoma
nonhsat022132.2,hepatic steatosis
nonhsat039734.2,colorectal cancer
nonhsat091073.2,breast cancer
nonhsat010932.2,breast cancer
nonhsat011614.2,breast cancer
nonhsat055670.2,breast cancer
nonhsat093153.2,lung squamous cell carcinoma
nonhsat147661.2,acute myeloid leukemia
nonhsat037276.2,breast cancer
nonhsat022109.2,gastric adenocarcinoma
nonhsat101808.2,breast cancer
nonhsat048149.2,breast cancer
nonhsat129050.2,non-small cell lung cancer
nonhsat081948.2,hepatocellular carcinoma
nonhsat059436.2,pancreatic cancer
nonhsat039734.2,metabolic syndrome
nonhsat107640.2,glioma
nonhsat039734.2,tongue squamous cell carcinoma
nonhsat061515.2,colon cancer
nonhsat129050.2,renal cell carcinoma
nonhsat130775.2,renal cell carcinoma
nonhsat135070.2,renal cell carcinoma
nonhsat017460.2,laryngeal squamous cell carcinoma
nonhsat122696.2,cardiac hypertrophy
nonhsat146843.2,cardiac hypertrophy
nonhsat000393.2,lung adenocarcinoma
nonhsat052554.2,gastric cancer
nonhsat039734.2,pancreatic cancer
nonhsat123027.2,colorectal cancer
nonhsat093465.2,lung cancer
nonhsat039734.2,diabetes mellitus
nonhsat060692.2,esophageal squamous cell carcinoma
nonhsat119702.2,glioma
nonhsat039734.2,osteosarcoma
nonhsat028507.2,asthenozoospermia
nonhsat129016.2,prostate cancer
nonhsat022109.2,laryngeal squamous cell carcinoma
nonhsat039734.2,gallbladder cancer
nonhsat130413.2,gallbladder cancer
nonhsat128251.2,endometrial cancer
nonhsat028507.2,sepsis
nonhsat028507.2,bladder cancer
nonhsat000530.2,esophageal squamous cell carcinoma
nonhsat091056.2,lung cancer
nonhsat016550.2,lung cancer
nonhsat028507.2,bladder transitional cell carcinoma
nonhsat129012.2,lung cancer
nonhsat031258.2,nasopharyngeal carcinoma
nonhsat119716.2,lung cancer
nonhsat130413.2,lung cancer
nonhsat022132.2,pre-eclampsia
nonhsat017460.2,non-small cell lung cancer
nonhsat007662.2,hepatocellular carcinoma
nonhsat022132.2,liver fibrosis
nonhsat119664.2,pancreatic ductal adenocarcinoma
nonhsat007662.2,type 2 diabetes mellitus
nonhsat120414.2,gastric cancer
nonhsat061515.2,non-small cell lung cancer
nonhsat007475.2,polycystic ovary syndrome
nonhsat241011.1,polycystic ovary syndrome
nonhsat074809.2,polycystic ovary syndrome
nonhsat144204.2,lung cancer
nonhsat029277.2,hashimoto's thyroiditis
nonhsat007662.2,lung cancer
nonhsat137581.2,colorectal cancer
nonhsat028507.2,acute myeloid leukemia
nonhsat121995.2,endometriosis
nonhsat096369.2,colorectal cancer
nonhsat037832.2,papillary thyroid carcinoma
nonhsat022109.2,esophageal squamous cell carcinoma
nonhsat028507.2,head and neck squamous cell carcinoma
nonhsat137539.2,systemic sclerosis
nonhsat113493.2,breast cancer
nonhsat142608.2,ovarian cancer
nonhsat144192.2,intervertebral disc degeneration
nonhsat065156.2,intervertebral disc degeneration
nonhsat124456.2,intervertebral disc degeneration
nonhsat032432.2,intervertebral disc degeneration
nonhsat029625.2,intervertebral disc degeneration
nonhsat022109.2,colorectal cancer
nonhsat061515.2,prostate cancer
nonhsat007662.2,bladder cancer
nonhsat129050.2,acute promyelocytic leukemia
nonhsat039802.2,temple syndrome
nonhsat022132.2,oral squamous cell carcinoma
nonhsat129050.2,bladder cancer
nonhsat007662.2,endometrial cancer
nonhsat083172.2,hepatocellular carcinoma
nonhsat030757.2,hepatocellular carcinoma
nonhsat001967.2,osteosarcoma
nonhsat007662.2,head and neck cancer
nonhsat028507.2,pancreatic ductal adenocarcinoma
nonhsat039734.2,non-small cell lung cancer
nonhsat022132.2,diabetic cardiomyopathy
nonhsat031258.2,gastric cancer
nonhsat147661.2,breast cancer
nonhsat144204.2,osteosarcoma
nonhsat018659.2,hepatocellular carcinoma
nonhsat112463.2,aplastic anemia
nonhsat129050.2,hematological malignancies
nonhsat129114.2,hematological malignancies
nonhsat018659.2,gastric cancer
nonhsat130413.2,bladder cancer
nonhsat139471.2,nasopharyngeal carcinoma
nonhsat093889.2,pancreatic cancer
nonhsat007662.2,liver fibrosis
nonhsat054526.2,melanoma
nonhsat119664.2,acute myeloid leukemia
nonhsat119702.2,ovarian cancer
nonhsat129050.2,thyroid cancer
nonhsat081887.2,breast cancer
nonhsat017460.2,embryonal carcinoma
nonhsat000530.2,multiple myeloma
nonhsat093465.2,breast cancer
nonhsat090177.2,breast cancer
nonhsat130413.2,cervical cancer
nonhsat131056.2,non-small cell lung cancer
nonhsat071252.2,non-small cell lung cancer
nonhsat135333.2,hepatocellular carcinoma
nonhsat119669.2,gastric cancer
nonhsat061515.2,lung cancer
nonhsat001952.2,hepatocellular carcinoma
nonhsat007662.2,glioma
nonhsat091313.2,acute myeloid leukemia
nonhsat076153.2,osteoarthritis
nonhsat037272.2,non-small cell lung cancer
nonhsat007662.2,lung adenocarcinoma
nonhsat000493.2,gastric cancer
nonhsat108575.2,cervical cancer
nonhsat028507.2,gastric adenocarcinoma
nonhsat108303.2,lung adenocarcinoma
nonhsat017523.2,breast cancer
nonhsat145653.2,pancreatic ductal adenocarcinoma
nonhsat047172.2,exfoliation syndrome
nonhsat022132.2,congenital microtia
nonhsat021824.2,astrocytoma
nonhsat079510.2,colon cancer
nonhsat039734.2,renal cell carcinoma
nonhsat022109.2,hepatocellular carcinoma
nonhsat082419.2,lung cancer
nonhsat017460.2,esophageal cancer
nonhsat053777.2,hepatocellular carcinoma
nonhsat087635.2,breast cancer
nonhsat074772.2,bladder cancer
nonhsat022109.2,hiv
nonhsat022132.2,hiv
nonhsat093465.2,lung squamous cell carcinoma
nonhsat119664.2,glioma
nonhsat073778.2,glioma
nonhsat093465.2,hepatocellular carcinoma
nonhsat039734.2,osteoarthritis
nonhsat017460.2,endometriosis
nonhsat037272.2,thoracoabdominal aorta aneurysm
nonhsat119716.2,tongue squamous cell carcinoma
nonhsat102951.2,non-small cell lung cancer
nonhsat119702.2,uterine cervix carcinoma
nonhsat061515.2,acute myeloid leukemia
nonhsat122125.2,lung adenocarcinoma
nonhsat130413.2,hepatocellular carcinoma
nonhsat129050.2,cardiac hypertrophy
nonhsat164150.1,gastric cancer
nonhsat099184.2,gastric cancer
nonhsat119716.2,hirschsprung's disease
nonhsat039734.2,thyroid cancer
nonhsat028507.2,urothelial cancer
nonhsat022109.2,chronic lymphocytic leukemia
nonhsat096369.2,hepatocellular carcinoma
nonhsat107640.2,liver cirrhosis
nonhsat129012.2,bladder cancer
nonhsat079907.2,breast cancer
nonhsat129114.2,acute myeloid leukemia
nonhsat078992.2,pancreatic cancer
nonhsat031258.2,pancreatic cancer
nonhsat107640.2,esophageal cancer
nonhsat070566.2,non-small cell lung cancer
nonhsat017460.2,renal cell carcinoma
nonhsat031258.2,lung adenocarcinoma
nonhsat021824.2,non-small cell lung cancer
nonhsat028507.2,pre-eclampsia
nonhsat022132.2,hyperglycaemia
nonhsat137541.2,ovarian cancer
nonhsat039734.2,multiple myeloma
nonhsat077943.2,esophageal squamous cell carcinoma
nonhsat129012.2,esophageal squamous cell carcinoma
nonhsat134764.2,hiv
nonhsat007723.2,hepatocellular carcinoma
nonhsat001967.2,endometrial cancer
nonhsat130775.2,gastric cancer
nonhsat037276.2,gastric cancer
nonhsat080929.2,breast cancer
nonhsat059436.2,glioma
nonhsat130413.2,esophageal cancer
nonhsat130775.2,hepatocellular carcinoma
nonhsat137541.2,glioblastoma
nonhsat147661.2,gallbladder cancer
nonhsat039734.2,pancreatic neuroendocrine tumor
nonhsat119682.2,glioma
nonhsat070566.2,glioma
nonhsat091300.2,atrial fibrillation
nonhsat138946.2,hepatocellular carcinoma
nonhsat091315.2,pancreatic ductal adenocarcinoma
nonhsat108668.2,bladder cancer
nonhsat053635.2,hepatocellular carcinoma
nonhsat028507.2,gastric cardia adenocarcinoma
nonhsat016550.2,glioma
nonhsat028507.2,osteoarthritis
nonhsat007662.2,osteoarthritis
nonhsat079907.2,osteoarthritis
nonhsat017460.2,osteoarthritis
nonhsat141667.2,osteoarthritis
nonhsat022109.2,prostate cancer
nonhsat007662.2,cervical cancer
nonhsat022132.2,diabetic retinopathy
nonhsat142695.2,liver cancer
nonhsat022109.2,acute promyelocytic leukemia
nonhsat087997.2,laryngeal squamous cell carcinoma
nonhsat010185.2,endometrial cancer
nonhsat022132.2,lung cancer brain metastasis
nonhsat039734.2,liver fibrosis
nonhsat147661.2,colon cancer
nonhsat144204.2,gastric cancer
nonhsat147661.2,non-small cell lung cancer
nonhsat129114.2,breast cancer
nonhsat108575.2,hepatocellular carcinoma
nonhsat100019.2,lung adenocarcinoma
nonhsat028507.2,atypical teratoid rhabdoid tumor
nonhsat022132.2,endometrioid endometrial carcinoma
nonhsat136839.2,hepatocellular carcinoma
nonhsat054408.2,colorectal cancer
nonhsat028507.2,gallbladder cancer
nonhsat028507.2,renal cell carcinoma
nonhsat129050.2,pleural mesothelioma
nonhsat076153.2,glioma
nonhsat017460.2,pancreatic cancer
nonhsat059436.2,hepatocellular carcinoma
nonhsat007662.2,pleural mesothelioma
nonhsat065921.2,hepatocellular carcinoma
nonhsat037272.2,aortic aneurysm
nonhsat039734.2,epithelial ovarian cancer
nonhsat119664.2,promyelocytic leukemia
nonhsat018659.2,primary myelofibrosis
nonhsat039734.2,primary myelofibrosis
nonhsat130413.2,primary myelofibrosis
nonhsat007662.2,mantle cell lymphoma
nonhsat112463.2,gastric cancer
nonhsat059436.2,endometrial cancer
nonhsat009289.2,neuroblastoma
nonhsat028507.2,pituitary adenoma
nonhsat129050.2,colorectal cancer
nonhsat076024.2,post-traumatic stress disorder
nonhsat084824.2,melanoma
nonhsat007662.2,pancreatic cancer
nonhsat028507.2,oesophageal squamous cell carcinoma
nonhsat031258.2,oesophageal adenocarcinoma
nonhsat035380.2,non-small cell lung cancer
nonhsat028507.2,melanoma
nonhsat102745.2,lung cancer
nonhsat119669.2,promyelocytic leukemia
nonhsat060641.2,liver cancer
nonhsat129012.2,colorectal cancer
nonhsat007662.2,renal cell carcinoma
nonhsat036413.2,thyroid cancer
nonhsat129050.2,b-cell lymphoma
nonhsat137541.2,hematologic cancer
nonhsat022132.2,urothelial cancer
nonhsat130413.2,primary open-angle glaucoma
nonhsat078913.2,momo syndrome
nonhsat084824.2,bladder urothelial carcinoma
nonhsat094077.2,renal clear cell carcinoma
nonhsat129050.2,multiple myeloma
